<?xml version="1.0" encoding="UTF-8" standalone="yes"?>
<component-def xmlns="http://xmlns.oracle.com/cie/gdr/cpd" name="oracle.integration.soainfra" version="12.2.1.4.0" description="Oracle SOA Infrastructure" gdr-version="1.8.4.0" groupId="com.oracle.soa" xmlns:ns2="http://xmlns.oracle.com/cie/stringsubs">
  <file-map symbol="oracle.integration.soainfra.symbol" source="filegroup1.jar" expanded="true" patch="23438605">
    <exclude regex="\.ade_path" match-dirs="true"/>
    <file source="plugins/maven/com/oracle/soa/plugin/oracle-soa-plugin/12.2.1-4-0/oracle-soa-plugin-12.2.1-4-0.pom" dest="plugins/maven/com/oracle/soa/plugin/oracle-soa-plugin/12.2.1-4-0/oracle-soa-plugin-12.2.1-4-0.pom" mode="640" action="replacement"/>
    <file source="plugins/maven/com/oracle/soa/plugin/oracle-soa-plugin/12.2.1-4-0/oracle-soa-plugin-12.2.1-4-0.jar" dest="plugins/maven/com/oracle/soa/plugin/oracle-soa-plugin/12.2.1-4-0/oracle-soa-plugin-12.2.1-4-0.jar" mode="640" action="replacement"/>
    <file source="plugins/maven/com/oracle/soa/archetype/oracle-soa-project/12.2.1-4-0/oracle-soa-project-12.2.1-4-0.jar" dest="plugins/maven/com/oracle/soa/archetype/oracle-soa-project/12.2.1-4-0/oracle-soa-project-12.2.1-4-0.jar" mode="640" action="replacement"/>
    <file source="plugins/maven/com/oracle/soa/archetype/oracle-soa-project/12.2.1-4-0/oracle-soa-project-12.2.1-4-0.pom" dest="plugins/maven/com/oracle/soa/archetype/oracle-soa-project/12.2.1-4-0/oracle-soa-project-12.2.1-4-0.pom" mode="640" action="replacement"/>
    <file source="plugins/maven/com/oracle/soa/archetype/oracle-soa-application/12.2.1-4-0/oracle-soa-application-12.2.1-4-0.pom" dest="plugins/maven/com/oracle/soa/archetype/oracle-soa-application/12.2.1-4-0/oracle-soa-application-12.2.1-4-0.pom" mode="640" action="replacement"/>
    <file source="plugins/maven/com/oracle/soa/archetype/oracle-soa-application/12.2.1-4-0/oracle-soa-application-12.2.1-4-0.jar" dest="plugins/maven/com/oracle/soa/archetype/oracle-soa-application/12.2.1-4-0/oracle-soa-application-12.2.1-4-0.jar" mode="640" action="replacement"/>
    <file source="plugins/maven/com/oracle/soa/sar-common/12.2.1-4-0/sar-common-12.2.1-4-0.pom" dest="plugins/maven/com/oracle/soa/sar-common/12.2.1-4-0/sar-common-12.2.1-4-0.pom" mode="640" action="replacement"/>
    <file source="plugins/maven/com/oracle/adf/library/12.2.1-4-0/SOA-Runtime.pom" dest="plugins/maven/com/oracle/adf/library/12.2.1-4-0/SOA-Runtime.pom" mode="640" action="replacement"/>
    <file source="plugins/maven/com/oracle/adf/library/12.2.1-4-0/SOA-Designtime.pom" dest="plugins/maven/com/oracle/adf/library/12.2.1-4-0/SOA-Designtime.pom" mode="640" action="replacement"/>
    <file source="plugins/maven/com/oracle/adf/library/12.2.1-4-0/BPEL-Runtime.pom" dest="plugins/maven/com/oracle/adf/library/12.2.1-4-0/BPEL-Runtime.pom" mode="640" action="replacement"/>
    <file source="plugins/maven/com/oracle/adf/library/12.2.1-4-0/Mediator-Runtime.pom" dest="plugins/maven/com/oracle/adf/library/12.2.1-4-0/Mediator-Runtime.pom" mode="640" action="replacement"/>
    <file-perms>
      <permission mode="750" regex=".*" match-dirs="true"/>
    </file-perms>
  </file-map>
  <artifact-pom-overrides>
    <suppress-pom file="soa/modules/oracle.soa.b2b_11.1.1/oracle.soa.b2b.jar" symbol="oracle.integration.soainfra.symbol"/>
    <suppress-pom file="common/templates/wls/oracle.soa.composer.webapp.stub_template.jar" symbol="oracle.integration.soainfra.symbol"/>
    <suppress-pom file="soa/modules/oracle.bpm.runtime_11.1.1/oracle.bpm.ui.jar" symbol="oracle.integration.soainfra.symbol"/>
    <suppress-pom file="jlib/oracle.soa.dbutils.jar" symbol="oracle.integration.soainfra.symbol"/>
    <suppress-pom file="soa/modules/oracle.soa.mgmt_11.1.1/soa-infra-mgmt.jar" symbol="oracle.integration.soainfra.symbol"/>
    <suppress-pom file="plugins/upgrade/soainfra-plugin.jar" symbol="oracle.integration.soainfra.symbol"/>
    <suppress-pom file="soa/modules/oracle.soa.mgmt_11.1.1/adflibSOAMgmtMain.jar" symbol="oracle.integration.soainfra.symbol"/>
    <suppress-pom file="common/templates/wls/oracle.soa.mgmt12_template.jar" symbol="oracle.integration.soainfra.symbol"/>
    <suppress-pom file="soa/modules/oracle.soa.fabric_11.1.1/tracking-api.jar" symbol="oracle.integration.soainfra.symbol"/>
    <suppress-pom file="soa/modules/oracle.bpm.runtime_11.1.1/oracle.bpm.analytics.metrics.model.jar" symbol="oracle.integration.soainfra.symbol"/>
    <suppress-pom file="soa/modules/oracle.bpm.runtime_11.1.1/oracle.bpm.vfilesystem.jar" symbol="oracle.integration.soainfra.symbol"/>
    <suppress-pom file="common/templates/wls/oracle.soa.workflow.wc_template.jar" symbol="oracle.integration.soainfra.symbol"/>
    <suppress-pom file="soa/modules/oracle.soa.mgmt_11.1.1/soa-client-stubs-wls.jar" symbol="oracle.integration.soainfra.symbol"/>
    <suppress-pom file="soa/modules/oracle.soa.workflow_11.1.1/bpm-workflow-datacontrol.jar" symbol="oracle.integration.soainfra.symbol"/>
    <suppress-pom file="soa/modules/oracle.bpm.project_11.1.1/oracle.bpm.common.model.jar" symbol="oracle.integration.soainfra.symbol"/>
    <suppress-pom file="soa/modules/oracle.bpm.runtime_11.1.1/oracle.bpm.core.jar" symbol="oracle.integration.soainfra.symbol"/>
    <suppress-pom file="common/templates/wls/oracle.soa.mgmt.reconfig_template_12.1.3.jar" symbol="oracle.integration.soainfra.symbol"/>
    <suppress-pom file="soa/modules/oracle.soa.mgmt_11.1.1/soa-client-stubs-was.jar" symbol="oracle.integration.soainfra.symbol"/>
    <suppress-pom file="soa/modules/commons-cli-1.1.jar" symbol="oracle.integration.soainfra.symbol"/>
    <suppress-pom file="soa/modules/oracle.soa.mgmt_11.1.1/adflibSOAMgmtBase.jar" symbol="oracle.integration.soainfra.symbol"/>
    <suppress-pom file="soa/modules/oracle.bpm.workspace_11.1.1/oracle.bpm.ui.jar" symbol="oracle.integration.soainfra.symbol"/>
    <suppress-pom file="common/templates/wls/oracle.soa.workflow.wc.reconfig_template_12.1.3.jar" symbol="oracle.integration.soainfra.symbol"/>
    <suppress-pom file="common/templates/wls/oracle.soa.workflow.wc_cs_template.jar" symbol="oracle.integration.soainfra.symbol"/>
    <suppress-pom file="soa/modules/oracle.bpm.project_11.1.1/slf4j-api.jar" symbol="oracle.integration.soainfra.symbol"/>
  </artifact-pom-overrides>
  <libraries/>
  <stringsubs>
    <ns2:group id="federated_oh">
      <ns2:file-entry name="$oracle.integration.soainfra.symbol.path$/bin/ant-soa-common.xml"/>
      <ns2:change-pair-ref name="SOA_ORACLE_HOME"/>
      <ns2:change-pair-ref name="WLS_ORACLE_HOME"/>
    </ns2:group>
    <ns2:change-pair id="SOA_ORACLE_HOME" before="@SOA_ORACLE_HOME@" after="$SOA_ORACLE_HOME$"/>
    <ns2:change-pair id="WLS_ORACLE_HOME" before="@WLS_ORACLE_HOME@" after="$WLS_ORACLE_HOME$"/>
  </stringsubs>
</component-def>
