<?xml version="1.0" encoding="UTF-8" standalone="no"?>
<oneoff_actions>
    <oracle.integration.soainfra opt_req="O" version="12.2.1.4.0">
        <copy backup_in_zip="false" file_name="inventory/Components/oracle.integration.soainfra/12.2.1.4.0/patches/23438605/compDef.xml" name="compDef.xml" path="%ORACLE_HOME%/inventory/Components/oracle.integration.soainfra/12.2.1.4.0/patches/23438605" retain_permission="true" shaolue="92FDF1DFF54311B811673FF82CE7FC9F943BB403"/>
    </oracle.integration.soainfra>
    <oracle.integration.soainfra opt_req="O" symbol="oracle.integration.soainfra.symbol" version="12.2.1.4.0">
        <copy backup_in_zip="false" file_name="plugins/maven/com/oracle/soa/plugin/oracle-soa-plugin/12.2.1-4-0/oracle-soa-plugin-12.2.1-4-0.pom" name="oracle-soa-plugin-12.2.1-4-0.pom" path="%ORACLE_HOME%/%SYMBOL%/plugins/maven/com/oracle/soa/plugin/oracle-soa-plugin/12.2.1-4-0" retain_permission="true" shaolue="1FFB9B3240B5352F015FCFFB2ABF1A8A814CA57C"/>
        <copy backup_in_zip="false" file_name="plugins/maven/com/oracle/soa/plugin/oracle-soa-plugin/12.2.1-4-0/oracle-soa-plugin-12.2.1-4-0.jar" name="oracle-soa-plugin-12.2.1-4-0.jar" path="%ORACLE_HOME%/%SYMBOL%/plugins/maven/com/oracle/soa/plugin/oracle-soa-plugin/12.2.1-4-0" retain_permission="true" shaolue="2CAA0021AA16D03DA2ED33F0F0043CD9C8700792"/>
        <copy backup_in_zip="false" file_name="plugins/maven/com/oracle/soa/archetype/oracle-soa-project/12.2.1-4-0/oracle-soa-project-12.2.1-4-0.jar" name="oracle-soa-project-12.2.1-4-0.jar" path="%ORACLE_HOME%/%SYMBOL%/plugins/maven/com/oracle/soa/archetype/oracle-soa-project/12.2.1-4-0" retain_permission="true" shaolue="F9AF00E6E5E4DF0D26B90AB59E6156D2A48C9CC6"/>
        <copy backup_in_zip="false" file_name="plugins/maven/com/oracle/soa/archetype/oracle-soa-project/12.2.1-4-0/oracle-soa-project-12.2.1-4-0.pom" name="oracle-soa-project-12.2.1-4-0.pom" path="%ORACLE_HOME%/%SYMBOL%/plugins/maven/com/oracle/soa/archetype/oracle-soa-project/12.2.1-4-0" retain_permission="true" shaolue="49B60D3AF1BD0FF23C797BD5FC3DD6F700E92C9B"/>
        <copy backup_in_zip="false" file_name="plugins/maven/com/oracle/soa/archetype/oracle-soa-application/12.2.1-4-0/oracle-soa-application-12.2.1-4-0.pom" name="oracle-soa-application-12.2.1-4-0.pom" path="%ORACLE_HOME%/%SYMBOL%/plugins/maven/com/oracle/soa/archetype/oracle-soa-application/12.2.1-4-0" retain_permission="true" shaolue="EF1C07D31E3AA0071FFE69A5DCF222CDDAB5049A"/>
        <copy backup_in_zip="false" file_name="plugins/maven/com/oracle/soa/archetype/oracle-soa-application/12.2.1-4-0/oracle-soa-application-12.2.1-4-0.jar" name="oracle-soa-application-12.2.1-4-0.jar" path="%ORACLE_HOME%/%SYMBOL%/plugins/maven/com/oracle/soa/archetype/oracle-soa-application/12.2.1-4-0" retain_permission="true" shaolue="968AA0ABF02306A550E85E1E4890AED30091CC6E"/>
        <copy backup_in_zip="false" file_name="plugins/maven/com/oracle/soa/sar-common/12.2.1-4-0/sar-common-12.2.1-4-0.pom" name="sar-common-12.2.1-4-0.pom" path="%ORACLE_HOME%/%SYMBOL%/plugins/maven/com/oracle/soa/sar-common/12.2.1-4-0" retain_permission="true" shaolue="292095F3DC0A05BA0E620144B516ED1FB3A6631B"/>
        <copy backup_in_zip="false" file_name="plugins/maven/com/oracle/adf/library/12.2.1-4-0/SOA-Runtime.pom" name="SOA-Runtime.pom" path="%ORACLE_HOME%/%SYMBOL%/plugins/maven/com/oracle/adf/library/12.2.1-4-0" retain_permission="true" shaolue="B6DF680F838920D0117CECB9A68E951EBCE7AE0C"/>
        <copy backup_in_zip="false" file_name="plugins/maven/com/oracle/adf/library/12.2.1-4-0/SOA-Designtime.pom" name="SOA-Designtime.pom" path="%ORACLE_HOME%/%SYMBOL%/plugins/maven/com/oracle/adf/library/12.2.1-4-0" retain_permission="true" shaolue="2D8BCABC3227AB13DE6438AF49F8DDB55E833FC4"/>
        <copy backup_in_zip="false" file_name="plugins/maven/com/oracle/adf/library/12.2.1-4-0/BPEL-Runtime.pom" name="BPEL-Runtime.pom" path="%ORACLE_HOME%/%SYMBOL%/plugins/maven/com/oracle/adf/library/12.2.1-4-0" retain_permission="true" shaolue="714D4BDF83D8B8C5827C5969FCE228B1D798B645"/>
        <copy backup_in_zip="false" file_name="plugins/maven/com/oracle/adf/library/12.2.1-4-0/Mediator-Runtime.pom" name="Mediator-Runtime.pom" path="%ORACLE_HOME%/%SYMBOL%/plugins/maven/com/oracle/adf/library/12.2.1-4-0" retain_permission="true" shaolue="D003948C74C57C15D4DEA87B10B049632FDF321B"/>
    </oracle.integration.soainfra>
    <oracle.bpm.plugins opt_req="O" symbol="oracle.bpm.plugins.symbol" version="12.2.1.4.0">
        <jar backup_in_zip="false" class_name="plugins/migration/bpm/organization/oracle.bpm.bpm-services.organizationmigration.jar/META-INF/MANIFEST.MF" name="oracle.bpm.bpm-services.organizationmigration.jar" path="%ORACLE_HOME%/%SYMBOL%/plugins/migration/bpm/organization" shaolue="E97FCB26AED8A8003337C16B26BA2E973607F4F7"/>
    </oracle.bpm.plugins>
</oneoff_actions>
