<?xml version="1.0" encoding="UTF-8" standalone="no"?>
<oneoff_inventory>
    <opack_version version="14.1.0.1.12"/>
    <patch_description>One-off</patch_description>
    <patch_id number="31013413"/>
    <minimum_opatch_version>13.9.4.0.0</minimum_opatch_version>
    <unique_patch_id>23438605</unique_patch_id>
    <cannot_autorollback>false</cannot_autorollback>
    <not_rollbackable>false</not_rollbackable>
    <date_of_patch day="13" month="Mar" time="16:56:46 hrs" year="2020" zone="PST8PDT"/>
    <base_bugs>
        <bug description="Mismatching maven soa plugin versions in 12.2.1.4 FMW home" number="30493325"/>
        <bug description="Maven deployment issues in 12.2.1.4 with SOA (OSB Bug 30878598 )" number="30778089"/>
    </base_bugs>
    <required_components>
        <component internal_name="oracle.integration.soainfra" opt_req="O" version="12.2.1.4.0"/>
        <component internal_name="oracle.bpm.plugins" opt_req="O" version="12.2.1.4.0"/>
    </required_components>
    <os_platforms>
        <platform id="0" name="Generic Platform 1"/>
    </os_platforms>
    <executables/>
    <instance_shutdown>true</instance_shutdown>
    <instance_shutdown_message/>
    <online_rac_installable>false</online_rac_installable>
    <run_as_root>false</run_as_root>
    <sql_migrate>false</sql_migrate>
    <wls_prereq_oneoffs/>
    <prereq_oneoffs/>
    <overlay_oneoffs/>
    <patch_type value="singleton"/>
    <patch_language value="en"/>
    <product_family value="fmw"/>
    <patching_model value="one-off"/>
    <auto>false</auto>
    <translatable>false</translatable>
    <application_dirs/>
    <patch_characteristics>
        <content_type value="generic"/>
    </patch_characteristics>
</oneoff_inventory>
